{
    "1678236998963948:28194": {
        "IFileManager": {
            "path": "Files/File_1678236998963948_28194"
        }
    },
    "1678236998965040:28195": {
        "IResourceController": {
            "name": "White [APPLY ME TO DUPLICATE OBJECTS]",
            "type": 2,
            "subtype": 1,
            "dependency": 0,
            "hidden": false,
            "uid": "1678236998965045:28196",
            "fileId": "1678236998963948:28194",
            "originalId": "1678236998989556:28200",
            "publicId": "1678236999203668:28242",
            "expected_hash": "a5a0cfedc121c02cf55207e84eb41c7f"
        },
        "IResourceManager": {
            "uid": "1678236998965045:28196",
            "name": "Files/File_1678236998963948_28194",
            "flags": 1
        }
    },
    "1678236998989556:28200": {
        "IFileManager": {
            "path": "Files/File_1678236998989556_28200.lsmat"
        }
    },
    "1678236999203668:28242": {
        "IResourceController": {
            "public": {
                "path": "Materials/White [APPLY ME TO DUPLICATE OBJECTS].lsmat",
                "hash": "d72f5cc0008406b7ac3a51f5aa043f1b"
            }
        }
    }
}
