{
    "1678236979576264:26131": {
        "IFileManager": {
            "path": "Files/File_1678236979576264_26131.mesh"
        }
    },
    "1678236979577720:26132": {
        "IResourceController": {
            "name": "Sphere",
            "type": 3,
            "subtype": 0,
            "dependency": 0,
            "hidden": false,
            "uid": "1678236979595207:26136",
            "fileId": "1678236979576264:26131",
            "publicId": "1678236979604481:26148",
            "expected_hash": "ffbce66d7c12d942b13208740e9d0059",
            "additional": {
                "info": {
                    "hasBlendShapes": "false",
                    "vertexAttribs": [
                        {
                            "canBeDisabled": "false",
                            "format": "9",
                            "semantic": "position"
                        },
                        {
                            "canBeDisabled": "true",
                            "format": "9",
                            "semantic": "normal"
                        },
                        {
                            "canBeDisabled": "true",
                            "format": "9",
                            "semantic": "tangent"
                        },
                        {
                            "canBeDisabled": "true",
                            "format": "3",
                            "semantic": "color"
                        },
                        {
                            "canBeDisabled": "true",
                            "format": "9",
                            "semantic": "texture0"
                        }
                    ]
                }
            }
        },
        "IResourceManager": {
            "uid": "1678236979595207:26136",
            "name": "Files/File_1678236979576264_26131.mesh",
            "flags": 1
        }
    },
    "1678236979595207:26136": {
        "Compression::IController": {
            "compressed_files": "",
            "infos": {
                "compressedRAM": "27388",
                "compressedSize": "13151",
                "extension": "mesh",
                "originalRAM": "27388",
                "originalSize": "13151",
                "settings": {
                    "attributeFormat": "",
                    "draco": {
                        "colorBits": "8",
                        "compressLvl": "7",
                        "normalBits": "8",
                        "posBits": "11",
                        "texBits": "10"
                    },
                    "info": {
                        "hasBlendShapes": "false",
                        "vertexAttribs": [
                            {
                                "canBeDisabled": "false",
                                "format": "9",
                                "semantic": "position"
                            },
                            {
                                "canBeDisabled": "true",
                                "format": "9",
                                "semantic": "normal"
                            },
                            {
                                "canBeDisabled": "true",
                                "format": "9",
                                "semantic": "tangent"
                            },
                            {
                                "canBeDisabled": "true",
                                "format": "3",
                                "semantic": "color"
                            },
                            {
                                "canBeDisabled": "true",
                                "format": "9",
                                "semantic": "texture0"
                            }
                        ]
                    },
                    "isCompressed": "false",
                    "type": "0"
                }
            },
            "uncompressed_file": "1678236979601474:26147"
        }
    },
    "1678236979601474:26147": {
        "IFileManager": {
            "path": "Files/File_1678236979601474_26147.mesh"
        }
    },
    "1678236979604481:26148": {
        "IResourceController": {
            "public": {
                "path": "Meshes/Sphere.mesh",
                "hash": "ffbce66d7c12d942b13208740e9d0059"
            }
        }
    }
}
