{
    "1678238736784958:407028": {
        "IResourceController": {
            "name": "Scene Assets",
            "type": 0,
            "subtype": -1,
            "dependency": 0,
            "hidden": false,
            "publicId": "1678238736785109:407029",
            "resources": [
                "1671640852722112:121",
                "1678236799483469:4718"
            ]
        }
    },
    "1678238736785109:407029": {
        "IResourceController": {
            "public": {
                "path": "Scene Assets"
            }
        }
    }
}
