{
    "1678238027500699:195995": {
        "RenderOrderComponent": true
    },
    "1678238027500807:195996": {
        "InspectorComponent": {
            "Component.ScreenTransform": {
                "basicModeSetup": {
                    "attachBottom": "false",
                    "attachLeft": "false",
                    "attachRight": "false",
                    "attachTop": "false",
                    "fixHeight": "false",
                    "fixWidth": "false"
                },
                "isBasicMode": "true"
            }
        }
    }
}
