{
    "1678238098538900:208688": {
        "IFileManager": {
            "path": "Files/File_1678238098538900_208688"
        }
    },
    "1678238098540107:208689": {
        "IResourceController": {
            "name": "Output Material",
            "type": 2,
            "subtype": 1,
            "dependency": 0,
            "hidden": false,
            "uid": "1678238098540111:208690",
            "fileId": "1678238098538900:208688",
            "originalId": "1678238098573177:208696",
            "publicId": "1678238098663136:208703",
            "expected_hash": "7c3fba9be1a488dd13699f9546ae3c98"
        },
        "IResourceManager": {
            "uid": "1678238098540111:208690",
            "name": "Files/File_1678238098538900_208688",
            "flags": 1
        }
    },
    "1678238098573177:208696": {
        "IFileManager": {
            "path": "Files/File_1678238098573177_208696.lsmat"
        }
    },
    "1678238098663136:208703": {
        "IResourceController": {
            "public": {
                "path": "Materials/Output Material.lsmat",
                "hash": "4fe3ba4a59f1d6aaf5a81345a6bf3f25"
            }
        }
    }
}
