{
    "1678238206134979:255577": {
        "IFileManager": {
            "path": "Files/File_1678238206134979_255577"
        }
    },
    "1678238206136098:255578": {
        "IResourceController": {
            "name": "Uber Diffuse",
            "type": 2,
            "subtype": 1,
            "dependency": 0,
            "hidden": false,
            "uid": "1678238206136103:255579",
            "fileId": "1678238206134979:255577",
            "originalId": "1678238206160349:255583",
            "publicId": "1678238206457933:255701",
            "expected_hash": "6197492183c183044f6e8f5fce327292"
        },
        "IResourceManager": {
            "uid": "1678238206136103:255579",
            "name": "Files/File_1678238206134979_255577",
            "flags": 1
        }
    },
    "1678238206160349:255583": {
        "IFileManager": {
            "path": "Files/File_1678238206160349_255583.lsmat"
        }
    },
    "1678238206457933:255701": {
        "IResourceController": {
            "public": {
                "path": "Materials/Uber Diffuse.lsmat",
                "hash": "df7e521eba9327c3744853aa6c0b6b7b"
            }
        }
    }
}
