{
    "1678238206244975:255628": {
        "IFileManager": {
            "path": "Files/File_1678238206244975_255628.png"
        }
    },
    "1678238206246677:255629": {
        "IResourceController": {
            "name": "Normal",
            "type": 1,
            "subtype": 9,
            "dependency": 0,
            "hidden": false,
            "uid": "1678238206248872:255630",
            "fileId": "1678238206244975:255628",
            "originalId": "1678238206249153:255635",
            "publicId": "1678238206266674:255645",
            "expected_hash": "8a0173d0b987e1abfebd4ef9e3304c0b",
            "additional": {
                "originHash": "8a0173d0b987e1abfebd4ef9e3304c0b"
            }
        },
        "IResourceManager": {
            "uid": "1678238206248872:255630",
            "name": "Files/File_1678238206244975_255628.jpg",
            "flags": 1
        }
    },
    "1678238206249153:255635": {
        "IFileManager": {
            "path": "Files/File_1678238206249153_255635.png"
        }
    },
    "1678238206266674:255645": {
        "IResourceController": {
            "public": {
                "path": "Textures/Normal.png",
                "hash": "8a0173d0b987e1abfebd4ef9e3304c0b"
            }
        }
    }
}
