{
    "1678238729377714:405934": {
        "IResourceController": {
            "name": "Meshes",
            "type": 0,
            "subtype": -1,
            "dependency": 0,
            "hidden": false,
            "publicId": "1678238729377861:405935",
            "resources": [
                "1678236816493676:6786",
                "1678236979577720:26132"
            ]
        }
    },
    "1678238729377861:405935": {
        "IResourceController": {
            "public": {
                "path": "Meshes"
            }
        }
    }
}
