{
    "1678242048425809:107289": {
        "IFileManager": {
            "path": "Files/File_1678242048425809_107289.png"
        }
    },
    "1678242048427298:107290": {
        "IResourceController": {
            "name": "MaterialParams",
            "type": 1,
            "subtype": 9,
            "dependency": 0,
            "hidden": false,
            "uid": "1678242048427853:107291",
            "fileId": "1678242048425809:107289",
            "originalId": "1678242048428150:107296",
            "publicId": "1678242048436356:107302",
            "expected_hash": "af2715bddfbca2d4e72f470d285c5010",
            "additional": {
                "originHash": "af2715bddfbca2d4e72f470d285c5010"
            }
        },
        "IResourceManager": {
            "uid": "1678242048427853:107291",
            "name": "Files/File_1678242048425809_107289.jpg",
            "flags": 1
        }
    },
    "1678242048428150:107296": {
        "IFileManager": {
            "path": "Files/File_1678242048428150_107296.png"
        }
    },
    "1678242048436356:107302": {
        "IResourceController": {
            "public": {
                "path": "Textures/MaterialParams.png",
                "hash": "af2715bddfbca2d4e72f470d285c5010"
            }
        }
    }
}
