{
    "1678239968050654:526760": {
        "IFileManager": {
            "path": "Files/File_1678239968050654_526760"
        }
    },
    "1678239968051783:526761": {
        "IResourceController": {
            "name": "Color Gradient [EDIT ME]",
            "type": 2,
            "subtype": 1,
            "dependency": 0,
            "hidden": false,
            "uid": "1678239968051788:526762",
            "fileId": "1678239968050654:526760",
            "originalId": "1678239968076888:526766",
            "publicId": "1678239968262276:526829",
            "expected_hash": "e3ead480c266505e177e742b4178ac0e"
        },
        "IResourceManager": {
            "uid": "1678239968051788:526762",
            "name": "Files/File_1678239968050654_526760",
            "flags": 1
        }
    },
    "1678239968076888:526766": {
        "IFileManager": {
            "path": "Files/File_1678239968076888_526766.lsmat"
        }
    },
    "1678239968262276:526829": {
        "IResourceController": {
            "public": {
                "path": "Color Gradient [EDIT ME].lsmat",
                "hash": "89fd0764a6a88c4cc9295c7b1baa4f73"
            }
        }
    }
}
