{
    "1678241392303977:43874": {
        "IFileManager": {
            "path": "Files/File_1678241392303977_43874.jpg"
        }
    },
    "1678241392305367:43875": {
        "IResourceController": {
            "name": "Face Mesh Texture",
            "type": 1,
            "subtype": 9,
            "dependency": 0,
            "hidden": false,
            "uid": "1678241392305922:43876",
            "fileId": "1678241392303977:43874",
            "originalId": "1678241392306190:43881",
            "publicId": "1678241392324093:43890",
            "expected_hash": "c1b22adb808b801d453498c35c300b9a",
            "additional": {
                "originHash": "c1b22adb808b801d453498c35c300b9a"
            }
        },
        "IResourceManager": {
            "uid": "1678241392305922:43876",
            "name": "Files/File_1678241392303977_43874.jpg",
            "flags": 1
        }
    },
    "1678241392305922:43876": {
        "Compression::IController": {
            "compressed_files": "",
            "desiredSettings": {
                "isCompressed": "true",
                "level": "3",
                "subtype": "9",
                "type": "0"
            },
            "infos": {
                "compressedRAM": "4194304",
                "compressedSize": "13493",
                "extension": "jpg",
                "originalRAM": "4194304",
                "originalSize": "13493",
                "settings": {
                    "isCompressed": "false",
                    "level": "0",
                    "subtype": "9",
                    "type": "0"
                }
            },
            "uncompressed_file": "1678241392315467:43889"
        }
    },
    "1678241392306190:43881": {
        "IFileManager": {
            "path": "Files/File_1678241392306190_43881.jpg"
        }
    },
    "1678241392315467:43889": {
        "IFileManager": {
            "path": "Files/File_1678241392315467_43889.jpg"
        }
    },
    "1678241392324093:43890": {
        "IResourceController": {
            "public": {
                "path": "Textures/Face Mesh Texture.jpg",
                "hash": "c1b22adb808b801d453498c35c300b9a"
            }
        }
    }
}
