{
    "1678238027475189:195869": {
        "RenderOrderComponent": true
    },
    "1678238027475521:195871": {
        "InspectorComponent": {
            "Component.ScreenTransform": {
                "basicModeSetup": {
                    "attachBottom": "false",
                    "attachLeft": "false",
                    "attachRight": "false",
                    "attachTop": "false",
                    "fixHeight": "false",
                    "fixWidth": "false"
                },
                "isBasicMode": "true"
            }
        }
    }
}
